[
	{
		"fields": {
			"sodium": 1, 
			"proteines": 1, 
			"glucides": 1, 
			"energie": 250, 
			"fibres": 1, 
			"lipides": 1
		},
		"model": "core.valeurnutritionnelle",
		"pk": 1
	},
    {
        "fields": {
            "abreviation": "g", 
            "nom": "Grammes"
        }, 
        "model": "core.unite", 
        "pk": 1
    }, 
    {
        "fields": {
            "abreviation": "L", 
            "nom": "Litres"
        }, 
        "model": "core.unite", 
        "pk": 2
    }, 
    {
        "fields": {
            "abreviation": "tran", 
            "nom": "Tranches"
        }, 
        "model": "core.unite", 
        "pk": 3
    }, 
    {
        "fields": {
            "abreviation": "u", 
            "nom": "Unit\u00e9s"
        }, 
        "model": "core.unite", 
        "pk": 4
    }, 
    {
        "fields": {
            "abreviation": "mL", 
            "nom": "Millilitres"
        }, 
        "model": "core.unite", 
        "pk": 5
    }, 
    {
        "fields": {
            "nom": "Viande", 
            "parent": null
        }, 
        "model": "core.typeproduit", 
        "pk": 1
    }, 
    {
        "fields": {
            "nom": "Fruits", 
            "parent": null
        }, 
        "model": "core.typeproduit", 
        "pk": 2
    }, 
    {
        "fields": {
            "nom": "L\u00e9gumes", 
            "parent": null
        }, 
        "model": "core.typeproduit", 
        "pk": 3
    }, 
    {
        "fields": {
            "nom": "Poisson", 
            "parent": null
        }, 
        "model": "core.typeproduit", 
        "pk": 4
    }, 
    {
        "fields": {
            "nom": "F\u00e9culent", 
            "parent": null
        }, 
        "model": "core.typeproduit", 
        "pk": 5
    }, 
    {
        "fields": {
            "nom": "Produit laitier", 
            "parent": null
        }, 
        "model": "core.typeproduit", 
        "pk": 6
    }, 
    {
        "fields": {
            "nom": "Oeufs", 
            "parent": null
        }, 
        "model": "core.typeproduit", 
        "pk": 7
    }, 
    {
        "fields": {
            "nom": "Condiment", 
            "parent": null
        }, 
        "model": "core.typeproduit", 
        "pk": 8
    }, 
    {
        "fields": {
            "image": "produit/steak-hache.jpg", 
            "nom": "Steak Hach\u00e9", 
            "quantite": 2, 
            "type_produit": 1, 
            "unite": 4, 
			"valeur_nutritionnelle": 1
        }, 
        "model": "core.produit", 
        "pk": 1
    }, 
    {
        "fields": {
            "image": "produit/spaghettis.jpg", 
            "nom": "Spaghettis", 
            "quantite": 1000, 
            "type_produit": 5, 
            "unite": 1, 
			"valeur_nutritionnelle": 1
        }, 
        "model": "core.produit", 
        "pk": 2
    }, 
    {
        "fields": {
            "image": "produit/gruyererape.jpg", 
            "nom": "Gruy\u00e8re rap\u00e9", 
            "quantite": 250, 
            "type_produit": 6, 
            "unite": 1, 
			"valeur_nutritionnelle": 1
        }, 
        "model": "core.produit", 
        "pk": 3
    }, 
    {
        "fields": {
            "image": "produit/pomme_de_terre1.jpg", 
            "nom": "Pommes de terre", 
            "quantite": 2000, 
            "type_produit": 5, 
            "unite": 1, 
			"valeur_nutritionnelle": 1
        }, 
        "model": "core.produit", 
        "pk": 4
    }, 
    {
        "fields": {
            "image": "produit/patebrisee.jpg", 
            "nom": "Pate bris\u00e9e", 
            "quantite": 1, 
            "type_produit": 5, 
            "unite": 4, 
			"valeur_nutritionnelle": 1
        }, 
        "model": "core.produit", 
        "pk": 5
    }, 
    {
        "fields": {
            "image": "produit/patefeuilletee.JPG", 
            "nom": "Pate feuillet\u00e9e", 
            "quantite": 1, 
            "type_produit": 5, 
            "unite": 4, 
			"valeur_nutritionnelle": 1
        }, 
        "model": "core.produit", 
        "pk": 6
    }, 
    {
        "fields": {
            "image": "produit/oeufs.png", 
            "nom": "Oeufs", 
            "quantite": 6, 
            "type_produit": 7, 
            "unite": 4, 
			"valeur_nutritionnelle": 1
        }, 
        "model": "core.produit", 
        "pk": 7
    }, 
    {
        "fields": {
            "image": "produit/tomate.jpg", 
            "nom": "Tomates", 
            "quantite": 1000, 
            "type_produit": 3, 
            "unite": 1, 
			"valeur_nutritionnelle": 1
        }, 
        "model": "core.produit", 
        "pk": 8
    }, 
    {
        "fields": {
            "image": "produit/pomme.jpg", 
            "nom": "Pommes", 
            "quantite": 1000, 
            "type_produit": 2, 
            "unite": 1, 
			"valeur_nutritionnelle": 1
        }, 
        "model": "core.produit", 
        "pk": 9
    }, 
    {
        "fields": {
            "image": "produit/carottes.jpg", 
            "nom": "Carottes", 
            "quantite": 500, 
            "type_produit": 3, 
            "unite": 1, 
			"valeur_nutritionnelle": 1
        }, 
        "model": "core.produit", 
        "pk": 10
    }, 
    {
        "fields": {
            "image": "produit/vinaigrette.jpg", 
            "nom": "Vinaigrette", 
            "quantite": 250, 
            "type_produit": 8, 
            "unite": 5, 
			"valeur_nutritionnelle": 1
        }, 
        "model": "core.produit", 
        "pk": 11
    }, 
    {
        "fields": {
            "produit": 3, 
            "quantite": 120, 
            "unite": 1
        }, 
        "model": "core.lignerecette", 
        "pk": 1
    }, 
    {
        "fields": {
            "produit": 7, 
            "quantite": 2, 
            "unite": 4
        }, 
        "model": "core.lignerecette", 
        "pk": 2
    }, 
    {
        "fields": {
            "produit": 6, 
            "quantite": 1, 
            "unite": 4
        }, 
        "model": "core.lignerecette", 
        "pk": 3
    }, 
    {
        "fields": {
            "produit": 7, 
            "quantite": 4, 
            "unite": 4
        }, 
        "model": "core.lignerecette", 
        "pk": 4
    }, 
    {
        "fields": {
            "produit": 8, 
            "quantite": 250, 
            "unite": 1
        }, 
        "model": "core.lignerecette", 
        "pk": 5
    }, 
    {
        "fields": {
            "produit": 10, 
            "quantite": 50, 
            "unite": 1
        }, 
        "model": "core.lignerecette", 
        "pk": 6
    }, 
    {
        "fields": {
            "produit": 11, 
            "quantite": 5, 
            "unite": 5
        }, 
        "model": "core.lignerecette", 
        "pk": 7
    }, 
    {
        "fields": {
            "produit": 9, 
            "quantite": 350, 
            "unite": 1
        }, 
        "model": "core.lignerecette", 
        "pk": 8
    }, 
    {
        "fields": {
            "produit": 5, 
            "quantite": 1, 
            "unite": 4
        }, 
        "model": "core.lignerecette", 
        "pk": 9
    }, 
    {
        "fields": {
            "nom": "Entr\u00e9e"
        }, 
        "model": "core.categorie", 
        "pk": 1
    }, 
    {
        "fields": {
            "nom": "Plat"
        }, 
        "model": "core.categorie", 
        "pk": 2
    }, 
    {
        "fields": {
            "nom": "Dessert"
        }, 
        "model": "core.categorie", 
        "pk": 3
    }, 
    {
        "fields": {
            "codename": "add_logentry", 
            "content_type": 7, 
            "name": "Can add log entry"
        }, 
        "model": "auth.permission", 
        "pk": 19
    }, 
    {
        "fields": {
            "codename": "change_logentry", 
            "content_type": 7, 
            "name": "Can change log entry"
        }, 
        "model": "auth.permission", 
        "pk": 20
    }, 
    {
        "fields": {
            "codename": "delete_logentry", 
            "content_type": 7, 
            "name": "Can delete log entry"
        }, 
        "model": "auth.permission", 
        "pk": 21
    }, 
    {
        "fields": {
            "codename": "add_group", 
            "content_type": 2, 
            "name": "Can add group"
        }, 
        "model": "auth.permission", 
        "pk": 4
    }, 
    {
        "fields": {
            "codename": "change_group", 
            "content_type": 2, 
            "name": "Can change group"
        }, 
        "model": "auth.permission", 
        "pk": 5
    }, 
    {
        "fields": {
            "codename": "delete_group", 
            "content_type": 2, 
            "name": "Can delete group"
        }, 
        "model": "auth.permission", 
        "pk": 6
    }, 
    {
        "fields": {
            "codename": "add_permission", 
            "content_type": 1, 
            "name": "Can add permission"
        }, 
        "model": "auth.permission", 
        "pk": 1
    }, 
    {
        "fields": {
            "codename": "change_permission", 
            "content_type": 1, 
            "name": "Can change permission"
        }, 
        "model": "auth.permission", 
        "pk": 2
    }, 
    {
        "fields": {
            "codename": "delete_permission", 
            "content_type": 1, 
            "name": "Can delete permission"
        }, 
        "model": "auth.permission", 
        "pk": 3
    }, 
    {
        "fields": {
            "codename": "add_profilutilisateur", 
            "content_type": 4, 
            "name": "Can add profil utilisateur"
        }, 
        "model": "auth.permission", 
        "pk": 10
    }, 
    {
        "fields": {
            "codename": "change_profilutilisateur", 
            "content_type": 4, 
            "name": "Can change profil utilisateur"
        }, 
        "model": "auth.permission", 
        "pk": 11
    }, 
    {
        "fields": {
            "codename": "delete_profilutilisateur", 
            "content_type": 4, 
            "name": "Can delete profil utilisateur"
        }, 
        "model": "auth.permission", 
        "pk": 12
    }, 
    {
        "fields": {
            "codename": "add_user", 
            "content_type": 3, 
            "name": "Can add user"
        }, 
        "model": "auth.permission", 
        "pk": 7
    }, 
    {
        "fields": {
            "codename": "change_user", 
            "content_type": 3, 
            "name": "Can change user"
        }, 
        "model": "auth.permission", 
        "pk": 8
    }, 
    {
        "fields": {
            "codename": "delete_user", 
            "content_type": 3, 
            "name": "Can delete user"
        }, 
        "model": "auth.permission", 
        "pk": 9
    }, 
    {
        "fields": {
            "codename": "add_token", 
            "content_type": 8, 
            "name": "Can add token"
        }, 
        "model": "auth.permission", 
        "pk": 22
    }, 
    {
        "fields": {
            "codename": "change_token", 
            "content_type": 8, 
            "name": "Can change token"
        }, 
        "model": "auth.permission", 
        "pk": 23
    }, 
    {
        "fields": {
            "codename": "delete_token", 
            "content_type": 8, 
            "name": "Can delete token"
        }, 
        "model": "auth.permission", 
        "pk": 24
    }, 
    {
        "fields": {
            "codename": "add_contenttype", 
            "content_type": 5, 
            "name": "Can add content type"
        }, 
        "model": "auth.permission", 
        "pk": 13
    }, 
    {
        "fields": {
            "codename": "change_contenttype", 
            "content_type": 5, 
            "name": "Can change content type"
        }, 
        "model": "auth.permission", 
        "pk": 14
    }, 
    {
        "fields": {
            "codename": "delete_contenttype", 
            "content_type": 5, 
            "name": "Can delete content type"
        }, 
        "model": "auth.permission", 
        "pk": 15
    }, 
    {
        "fields": {
            "codename": "add_categorie", 
            "content_type": 14, 
            "name": "Can add categorie"
        }, 
        "model": "auth.permission", 
        "pk": 40
    }, 
    {
        "fields": {
            "codename": "change_categorie", 
            "content_type": 14, 
            "name": "Can change categorie"
        }, 
        "model": "auth.permission", 
        "pk": 41
    }, 
    {
        "fields": {
            "codename": "delete_categorie", 
            "content_type": 14, 
            "name": "Can delete categorie"
        }, 
        "model": "auth.permission", 
        "pk": 42
    }, 
    {
        "fields": {
            "codename": "add_commande", 
            "content_type": 17, 
            "name": "Can add commande"
        }, 
        "model": "auth.permission", 
        "pk": 49
    }, 
    {
        "fields": {
            "codename": "change_commande", 
            "content_type": 17, 
            "name": "Can change commande"
        }, 
        "model": "auth.permission", 
        "pk": 50
    }, 
    {
        "fields": {
            "codename": "delete_commande", 
            "content_type": 17, 
            "name": "Can delete commande"
        }, 
        "model": "auth.permission", 
        "pk": 51
    }, 
    {
        "fields": {
            "codename": "add_lignecommande", 
            "content_type": 18, 
            "name": "Can add ligne commande"
        }, 
        "model": "auth.permission", 
        "pk": 52
    }, 
    {
        "fields": {
            "codename": "change_lignecommande", 
            "content_type": 18, 
            "name": "Can change ligne commande"
        }, 
        "model": "auth.permission", 
        "pk": 53
    }, 
    {
        "fields": {
            "codename": "delete_lignecommande", 
            "content_type": 18, 
            "name": "Can delete ligne commande"
        }, 
        "model": "auth.permission", 
        "pk": 54
    }, 
    {
        "fields": {
            "codename": "add_ligneproduit", 
            "content_type": 13, 
            "name": "Can add ligne produit"
        }, 
        "model": "auth.permission", 
        "pk": 37
    }, 
    {
        "fields": {
            "codename": "change_ligneproduit", 
            "content_type": 13, 
            "name": "Can change ligne produit"
        }, 
        "model": "auth.permission", 
        "pk": 38
    }, 
    {
        "fields": {
            "codename": "delete_ligneproduit", 
            "content_type": 13, 
            "name": "Can delete ligne produit"
        }, 
        "model": "auth.permission", 
        "pk": 39
    }, 
    {
        "fields": {
            "codename": "add_lignerecette", 
            "content_type": 12, 
            "name": "Can add ligne recette"
        }, 
        "model": "auth.permission", 
        "pk": 34
    }, 
    {
        "fields": {
            "codename": "change_lignerecette", 
            "content_type": 12, 
            "name": "Can change ligne recette"
        }, 
        "model": "auth.permission", 
        "pk": 35
    }, 
    {
        "fields": {
            "codename": "delete_lignerecette", 
            "content_type": 12, 
            "name": "Can delete ligne recette"
        }, 
        "model": "auth.permission", 
        "pk": 36
    }, 
    {
        "fields": {
            "codename": "add_produit", 
            "content_type": 11, 
            "name": "Can add produit"
        }, 
        "model": "auth.permission", 
        "pk": 31
    }, 
    {
        "fields": {
            "codename": "change_produit", 
            "content_type": 11, 
            "name": "Can change produit"
        }, 
        "model": "auth.permission", 
        "pk": 32
    }, 
    {
        "fields": {
            "codename": "delete_produit", 
            "content_type": 11, 
            "name": "Can delete produit"
        }, 
        "model": "auth.permission", 
        "pk": 33
    }, 
    {
        "fields": {
            "codename": "add_recette", 
            "content_type": 15, 
            "name": "Can add recette"
        }, 
        "model": "auth.permission", 
        "pk": 43
    }, 
    {
        "fields": {
            "codename": "change_recette", 
            "content_type": 15, 
            "name": "Can change recette"
        }, 
        "model": "auth.permission", 
        "pk": 44
    }, 
    {
        "fields": {
            "codename": "delete_recette", 
            "content_type": 15, 
            "name": "Can delete recette"
        }, 
        "model": "auth.permission", 
        "pk": 45
    }, 
    {
        "fields": {
            "codename": "add_repas", 
            "content_type": 16, 
            "name": "Can add repas"
        }, 
        "model": "auth.permission", 
        "pk": 46
    }, 
    {
        "fields": {
            "codename": "change_repas", 
            "content_type": 16, 
            "name": "Can change repas"
        }, 
        "model": "auth.permission", 
        "pk": 47
    }, 
    {
        "fields": {
            "codename": "delete_repas", 
            "content_type": 16, 
            "name": "Can delete repas"
        }, 
        "model": "auth.permission", 
        "pk": 48
    }, 
    {
        "fields": {
            "codename": "add_typeproduit", 
            "content_type": 10, 
            "name": "Can add type produit"
        }, 
        "model": "auth.permission", 
        "pk": 28
    }, 
    {
        "fields": {
            "codename": "change_typeproduit", 
            "content_type": 10, 
            "name": "Can change type produit"
        }, 
        "model": "auth.permission", 
        "pk": 29
    }, 
    {
        "fields": {
            "codename": "delete_typeproduit", 
            "content_type": 10, 
            "name": "Can delete type produit"
        }, 
        "model": "auth.permission", 
        "pk": 30
    }, 
    {
        "fields": {
            "codename": "add_unite", 
            "content_type": 9, 
            "name": "Can add unite"
        }, 
        "model": "auth.permission", 
        "pk": 25
    }, 
    {
        "fields": {
            "codename": "change_unite", 
            "content_type": 9, 
            "name": "Can change unite"
        }, 
        "model": "auth.permission", 
        "pk": 26
    }, 
    {
        "fields": {
            "codename": "delete_unite", 
            "content_type": 9, 
            "name": "Can delete unite"
        }, 
        "model": "auth.permission", 
        "pk": 27
    }, 
    {
        "fields": {
            "codename": "add_session", 
            "content_type": 6, 
            "name": "Can add session"
        }, 
        "model": "auth.permission", 
        "pk": 16
    }, 
    {
        "fields": {
            "codename": "change_session", 
            "content_type": 6, 
            "name": "Can change session"
        }, 
        "model": "auth.permission", 
        "pk": 17
    }, 
    {
        "fields": {
            "codename": "delete_session", 
            "content_type": 6, 
            "name": "Can delete session"
        }, 
        "model": "auth.permission", 
        "pk": 18
    }, 
    {
        "fields": {
            "date_joined": "2013-02-20T18:11:22", 
            "email": "admin@mangezmieux.fr", 
            "first_name": "admin", 
            "groups": [], 
            "is_active": true, 
            "is_staff": true, 
            "is_superuser": true, 
            "last_login": "2013-02-20T18:12:03", 
            "last_name": "mangezmieux", 
            "password": "pbkdf2_sha256$10000$AJEK3eL7m41y$1p9ovHZS8UyHUOMS3dWQJeqjnevoEgzt/+ZirF/UQyY=", 
            "user_permissions": [], 
            "username": "admin"
        }, 
        "model": "auth.user", 
        "pk": 1
    }, 
    {
        "fields": {
            "date_joined": "2013-02-20T18:12:28", 
            "email": "maxime@mangezmieux.fr", 
            "first_name": "Maxime", 
            "groups": [], 
            "is_active": true, 
            "is_staff": true, 
            "is_superuser": true, 
            "last_login": "2013-02-20T18:12:28", 
            "last_name": "Gaston", 
            "password": "pbkdf2_sha256$10000$oTWrTghMQiMC$e9wtzxGzHCrYxvlMI/EWa/py/foG512ZODGxfH9N+Uw=", 
            "user_permissions": [], 
            "username": "mag"
        }, 
        "model": "auth.user", 
        "pk": 2
    }, 
    {
        "fields": {
            "date_joined": "2013-02-20T18:13:03", 
            "email": "alexis@mangezmieux.fr", 
            "first_name": "Alexis", 
            "groups": [], 
            "is_active": true, 
            "is_staff": true, 
            "is_superuser": true, 
            "last_login": "2013-02-20T18:13:03", 
            "last_name": "Deberg", 
            "password": "pbkdf2_sha256$10000$IBqKjFJSon6d$ZmUNF2A1kJJGnghk4IPyKfY3iEJ4II1woZlbiL4kY1U=", 
            "user_permissions": [], 
            "username": "alexis"
        }, 
        "model": "auth.user", 
        "pk": 3
    }, 
    {
        "fields": {
            "date_joined": "2013-02-20T18:13:32", 
            "email": "vincent@mangezmieux.fr", 
            "first_name": "Vincent", 
            "groups": [], 
            "is_active": true, 
            "is_staff": true, 
            "is_superuser": true, 
            "last_login": "2013-02-20T18:13:32", 
            "last_name": "Lagneau", 
            "password": "pbkdf2_sha256$10000$n5NXDA19mjSQ$Ljh1EeF8CdwasX6uJKO/Xf7rBG7qc5mcRdMc8d89xtE=", 
            "user_permissions": [], 
            "username": "vincent"
        }, 
        "model": "auth.user", 
        "pk": 4
    }, 
    {
        "fields": {
            "date_joined": "2013-02-20T18:14:08", 
            "email": "jc@mangezmieux.fr", 
            "first_name": "Jean-Christophe", 
            "groups": [], 
            "is_active": true, 
            "is_staff": true, 
            "is_superuser": true, 
            "last_login": "2013-02-26T20:58:04", 
            "last_name": "Mougamadou", 
            "password": "pbkdf2_sha256$10000$yCkIqkfIcEqD$VhFcSOqMu1X8i/zLOAezf0vM8jRYqKXDT85ptAeilnY=", 
            "user_permissions": [], 
            "username": "jc"
        }, 
        "model": "auth.user", 
        "pk": 5
    }, 
    {
        "fields": {
            "date_joined": "2013-02-20T18:14:37", 
            "email": "jeremy@mangezmieux.fr", 
            "first_name": "Jeremy", 
            "groups": [], 
            "is_active": true, 
            "is_staff": true, 
            "is_superuser": true, 
            "last_login": "2013-02-20T18:14:37", 
            "last_name": "Giordano", 
            "password": "pbkdf2_sha256$10000$HmZ7iATvGmoF$t1z/TI0gAUyEewwMxHEwvLssV+V4PPNXQBKFkT1WfOY=", 
            "user_permissions": [], 
            "username": "jeremy"
        }, 
        "model": "auth.user", 
        "pk": 6
    }, 
    {
        "fields": {
            "user": 1
        }, 
        "model": "auth.profilutilisateur", 
        "pk": 1
    }, 
    {
        "fields": {
            "user": 2
        }, 
        "model": "auth.profilutilisateur", 
        "pk": 2
    }, 
    {
        "fields": {
            "user": 3
        }, 
        "model": "auth.profilutilisateur", 
        "pk": 3
    }, 
    {
        "fields": {
            "user": 4
        }, 
        "model": "auth.profilutilisateur", 
        "pk": 4
    }, 
    {
        "fields": {
            "user": 5
        }, 
        "model": "auth.profilutilisateur", 
        "pk": 5
    }, 
    {
        "fields": {
            "user": 6
        }, 
        "model": "auth.profilutilisateur", 
        "pk": 6
    }, 
    {
        "fields": {
            "categorie": [
                2
            ], 
            "createur": 4, 
            "difficulte": 1, 
            "duree": 5, 
            "est_valide": true, 
            "image": "recette/omelette.jpg", 
            "instructions": "Battre les oeufs puis ajouter le fromage. Cuire \u00e0 la pelle le m\u00e9lange. D\u00e9guster", 
            "lignes": [
                1, 
                2
            ], 
            "nom": "Omelette du fromage"
        }, 
        "model": "core.recette", 
        "pk": 1
    }, 
    {
        "fields": {
            "categorie": [
                2
            ], 
            "createur": 5, 
            "difficulte": 2, 
            "duree": 25, 
            "est_valide": true, 
            "image": "recette/tartetomatte.jpg", 
            "instructions": "Mouler la pate. Pr\u00e9chauffer le four thermostat 7. Battre les oeufs. Verser les oeufs dans la pate. Ajouter les tomates coup\u00e9es en rondelles. Laisser cuire 20 minutes. Servir.", 
            "lignes": [
                3, 
                4, 
                5
            ], 
            "nom": "Tarte \u00e0 la tomate"
        }, 
        "model": "core.recette", 
        "pk": 2
    }, 
    {
        "fields": {
            "categorie": [
                1
            ], 
            "createur": 6, 
            "difficulte": 1, 
            "duree": 2, 
            "est_valide": true, 
            "image": "recette/carottes.jpg", 
            "instructions": "Raper 50g de carottes. Ajouter la vinaigrette. Servir.", 
            "lignes": [
                6, 
                7
            ], 
            "nom": "Carottes rap\u00e9es"
        }, 
        "model": "core.recette", 
        "pk": 3
    }, 
    {
        "fields": {
            "categorie": [
                3
            ], 
            "createur": 3, 
            "difficulte": 2, 
            "duree": 20, 
            "est_valide": true, 
            "image": "recette/tartepommes.jpg", 
            "instructions": "Mouler la pate. Pr\u00e9chauffer le four thermostat 7. Ajouter les pommes coup\u00e9es en rondelles. Cuire 15 minutes. Servir ti\u00e8de.", 
            "lignes": [
                8, 
                9
            ], 
            "nom": "Tarte aux pommes"
        }, 
        "model": "core.recette", 
        "pk": 4
    }, 
    {
        "fields": {
            "created": "2013-02-20T18:13:33", 
            "user": 4
        }, 
        "model": "authtoken.token", 
        "pk": "3244fcf07e59afd4dd241e172bc677467f20c972"
    }, 
    {
        "fields": {
            "created": "2013-02-20T18:11:22", 
            "user": 1
        }, 
        "model": "authtoken.token", 
        "pk": "45f6755bfc796545dbe9b52629e99717ac2c8397"
    }, 
    {
        "fields": {
            "created": "2013-02-20T18:14:37", 
            "user": 6
        }, 
        "model": "authtoken.token", 
        "pk": "66aa020fa7a1e606e34d808bc54e47f6b7ff19ae"
    }, 
    {
        "fields": {
            "created": "2013-02-20T18:14:08", 
            "user": 5
        }, 
        "model": "authtoken.token", 
        "pk": "9cc81150d26c0d58eebf981f6de362588e571222"
    }, 
    {
        "fields": {
            "created": "2013-02-20T18:13:04", 
            "user": 3
        }, 
        "model": "authtoken.token", 
        "pk": "9f7575cd9089c4f7e1ea7d58177b4930a72abba7"
    }, 
    {
        "fields": {
            "created": "2013-02-20T18:12:28", 
            "user": 2
        }, 
        "model": "authtoken.token", 
        "pk": "eb4a6106cf74d24044bc8f785ecd6c16898526c7"
    }, 
    {
        "fields": {
            "action_flag": 2, 
            "action_time": "2013-02-27T23:14:55", 
            "change_message": "Modifi\u00e9 image.", 
            "content_type": 11, 
            "object_id": "1", 
            "object_repr": "Steak Hach\u00e9", 
            "user": 5
        }, 
        "model": "admin.logentry", 
        "pk": 73
    }, 
    {
        "fields": {
            "action_flag": 2, 
            "action_time": "2013-02-27T23:13:39", 
            "change_message": "Modifi\u00e9 image.", 
            "content_type": 11, 
            "object_id": "2", 
            "object_repr": "Spaghettis", 
            "user": 5
        }, 
        "model": "admin.logentry", 
        "pk": 72
    }, 
    {
        "fields": {
            "action_flag": 2, 
            "action_time": "2013-02-27T23:12:35", 
            "change_message": "Modifi\u00e9 image.", 
            "content_type": 11, 
            "object_id": "3", 
            "object_repr": "Gruy\u00e8re rap\u00e9", 
            "user": 5
        }, 
        "model": "admin.logentry", 
        "pk": 71
    }, 
    {
        "fields": {
            "action_flag": 2, 
            "action_time": "2013-02-27T23:11:40", 
            "change_message": "Modifi\u00e9 image.", 
            "content_type": 11, 
            "object_id": "4", 
            "object_repr": "Pommes de terre", 
            "user": 5
        }, 
        "model": "admin.logentry", 
        "pk": 70
    }, 
    {
        "fields": {
            "action_flag": 2, 
            "action_time": "2013-02-27T23:10:52", 
            "change_message": "Modifi\u00e9 image.", 
            "content_type": 11, 
            "object_id": "5", 
            "object_repr": "Pate bris\u00e9e", 
            "user": 5
        }, 
        "model": "admin.logentry", 
        "pk": 69
    }, 
    {
        "fields": {
            "action_flag": 2, 
            "action_time": "2013-02-27T23:09:54", 
            "change_message": "Modifi\u00e9 image.", 
            "content_type": 11, 
            "object_id": "6", 
            "object_repr": "Pate feuillet\u00e9e", 
            "user": 5
        }, 
        "model": "admin.logentry", 
        "pk": 68
    }, 
    {
        "fields": {
            "action_flag": 2, 
            "action_time": "2013-02-27T23:09:13", 
            "change_message": "Modifi\u00e9 image.", 
            "content_type": 11, 
            "object_id": "7", 
            "object_repr": "Oeufs", 
            "user": 5
        }, 
        "model": "admin.logentry", 
        "pk": 67
    }, 
    {
        "fields": {
            "action_flag": 2, 
            "action_time": "2013-02-27T23:08:32", 
            "change_message": "Modifi\u00e9 image.", 
            "content_type": 11, 
            "object_id": "8", 
            "object_repr": "Tomates", 
            "user": 5
        }, 
        "model": "admin.logentry", 
        "pk": 66
    }, 
    {
        "fields": {
            "action_flag": 2, 
            "action_time": "2013-02-27T23:08:04", 
            "change_message": "Modifi\u00e9 image.", 
            "content_type": 11, 
            "object_id": "9", 
            "object_repr": "Pommes", 
            "user": 5
        }, 
        "model": "admin.logentry", 
        "pk": 65
    }, 
    {
        "fields": {
            "action_flag": 2, 
            "action_time": "2013-02-27T23:05:08", 
            "change_message": "Modifi\u00e9 image.", 
            "content_type": 11, 
            "object_id": "10", 
            "object_repr": "Carottes", 
            "user": 5
        }, 
        "model": "admin.logentry", 
        "pk": 64
    }, 
    {
        "fields": {
            "action_flag": 2, 
            "action_time": "2013-02-27T23:04:55", 
            "change_message": "Modifi\u00e9 image.", 
            "content_type": 11, 
            "object_id": "11", 
            "object_repr": "Vinaigrette", 
            "user": 5
        }, 
        "model": "admin.logentry", 
        "pk": 63
    }, 
    {
        "fields": {
            "action_flag": 2, 
            "action_time": "2013-02-27T22:54:49", 
            "change_message": "Modifi\u00e9 image.", 
            "content_type": 15, 
            "object_id": "1", 
            "object_repr": "Omelette du fromage", 
            "user": 5
        }, 
        "model": "admin.logentry", 
        "pk": 62
    }, 
    {
        "fields": {
            "action_flag": 2, 
            "action_time": "2013-02-27T22:54:43", 
            "change_message": "Modifi\u00e9 image.", 
            "content_type": 15, 
            "object_id": "2", 
            "object_repr": "Tarte \u00e0 la tomate", 
            "user": 5
        }, 
        "model": "admin.logentry", 
        "pk": 61
    }, 
    {
        "fields": {
            "action_flag": 2, 
            "action_time": "2013-02-27T22:54:37", 
            "change_message": "Modifi\u00e9 image.", 
            "content_type": 15, 
            "object_id": "3", 
            "object_repr": "Carottes rap\u00e9es", 
            "user": 5
        }, 
        "model": "admin.logentry", 
        "pk": 60
    }, 
    {
        "fields": {
            "action_flag": 2, 
            "action_time": "2013-02-27T22:54:30", 
            "change_message": "Modifi\u00e9 image.", 
            "content_type": 15, 
            "object_id": "4", 
            "object_repr": "Tarte aux pommes", 
            "user": 5
        }, 
        "model": "admin.logentry", 
        "pk": 59
    }, 
    {
        "fields": {
            "action_flag": 2, 
            "action_time": "2013-02-27T21:00:41", 
            "change_message": "Modifi\u00e9 image.", 
            "content_type": 15, 
            "object_id": "1", 
            "object_repr": "Omelette du fromage", 
            "user": 5
        }, 
        "model": "admin.logentry", 
        "pk": 58
    }, 
    {
        "fields": {
            "action_flag": 2, 
            "action_time": "2013-02-27T20:59:41", 
            "change_message": "Modifi\u00e9 image.", 
            "content_type": 15, 
            "object_id": "1", 
            "object_repr": "Omelette du fromage", 
            "user": 5
        }, 
        "model": "admin.logentry", 
        "pk": 57
    }, 
    {
        "fields": {
            "action_flag": 2, 
            "action_time": "2013-02-27T20:58:55", 
            "change_message": "Modifi\u00e9 image.", 
            "content_type": 15, 
            "object_id": "1", 
            "object_repr": "Omelette du fromage", 
            "user": 5
        }, 
        "model": "admin.logentry", 
        "pk": 56
    }, 
    {
        "fields": {
            "action_flag": 2, 
            "action_time": "2013-02-27T20:50:08", 
            "change_message": "Modifi\u00e9 image.", 
            "content_type": 15, 
            "object_id": "1", 
            "object_repr": "Omelette du fromage", 
            "user": 5
        }, 
        "model": "admin.logentry", 
        "pk": 55
    }, 
    {
        "fields": {
            "action_flag": 2, 
            "action_time": "2013-02-27T20:50:03", 
            "change_message": "Modifi\u00e9 image.", 
            "content_type": 15, 
            "object_id": "2", 
            "object_repr": "Tarte \u00e0 la tomate", 
            "user": 5
        }, 
        "model": "admin.logentry", 
        "pk": 54
    }, 
    {
        "fields": {
            "action_flag": 2, 
            "action_time": "2013-02-27T20:49:57", 
            "change_message": "Modifi\u00e9 image.", 
            "content_type": 15, 
            "object_id": "3", 
            "object_repr": "Carottes rap\u00e9es", 
            "user": 5
        }, 
        "model": "admin.logentry", 
        "pk": 53
    }, 
    {
        "fields": {
            "action_flag": 2, 
            "action_time": "2013-02-27T20:49:48", 
            "change_message": "Modifi\u00e9 image.", 
            "content_type": 15, 
            "object_id": "4", 
            "object_repr": "Tarte aux pommes", 
            "user": 5
        }, 
        "model": "admin.logentry", 
        "pk": 52
    }, 
    {
        "fields": {
            "action_flag": 1, 
            "action_time": "2013-02-20T18:39:33", 
            "change_message": "", 
            "content_type": 15, 
            "object_id": "4", 
            "object_repr": "Tarte aux pommes", 
            "user": 1
        }, 
        "model": "admin.logentry", 
        "pk": 51
    }, 
    {
        "fields": {
            "action_flag": 1, 
            "action_time": "2013-02-20T18:39:31", 
            "change_message": "", 
            "content_type": 14, 
            "object_id": "3", 
            "object_repr": "Dessert", 
            "user": 1
        }, 
        "model": "admin.logentry", 
        "pk": 50
    }, 
    {
        "fields": {
            "action_flag": 1, 
            "action_time": "2013-02-20T18:38:22", 
            "change_message": "", 
            "content_type": 12, 
            "object_id": "9", 
            "object_repr": "1 Unit\u00e9s Pate bris\u00e9e", 
            "user": 1
        }, 
        "model": "admin.logentry", 
        "pk": 49
    }, 
    {
        "fields": {
            "action_flag": 1, 
            "action_time": "2013-02-20T18:37:59", 
            "change_message": "", 
            "content_type": 12, 
            "object_id": "8", 
            "object_repr": "350 Grammes Pommes", 
            "user": 1
        }, 
        "model": "admin.logentry", 
        "pk": 48
    }, 
    {
        "fields": {
            "action_flag": 1, 
            "action_time": "2013-02-20T18:37:32", 
            "change_message": "", 
            "content_type": 15, 
            "object_id": "3", 
            "object_repr": "Carottes rap\u00e9es", 
            "user": 1
        }, 
        "model": "admin.logentry", 
        "pk": 47
    }, 
    {
        "fields": {
            "action_flag": 1, 
            "action_time": "2013-02-20T18:37:17", 
            "change_message": "", 
            "content_type": 12, 
            "object_id": "7", 
            "object_repr": "5 Millilitres Vinaigrette", 
            "user": 1
        }, 
        "model": "admin.logentry", 
        "pk": 46
    }, 
    {
        "fields": {
            "action_flag": 1, 
            "action_time": "2013-02-20T18:36:49", 
            "change_message": "", 
            "content_type": 11, 
            "object_id": "11", 
            "object_repr": "Vinaigrette", 
            "user": 1
        }, 
        "model": "admin.logentry", 
        "pk": 45
    }, 
    {
        "fields": {
            "action_flag": 1, 
            "action_time": "2013-02-20T18:36:45", 
            "change_message": "", 
            "content_type": 9, 
            "object_id": "5", 
            "object_repr": "Millilitres", 
            "user": 1
        }, 
        "model": "admin.logentry", 
        "pk": 44
    }, 
    {
        "fields": {
            "action_flag": 1, 
            "action_time": "2013-02-20T18:36:08", 
            "change_message": "", 
            "content_type": 10, 
            "object_id": "8", 
            "object_repr": "Condiment", 
            "user": 1
        }, 
        "model": "admin.logentry", 
        "pk": 43
    }, 
    {
        "fields": {
            "action_flag": 1, 
            "action_time": "2013-02-20T18:35:12", 
            "change_message": "", 
            "content_type": 12, 
            "object_id": "6", 
            "object_repr": "50 Grammes Carottes", 
            "user": 1
        }, 
        "model": "admin.logentry", 
        "pk": 42
    }, 
    {
        "fields": {
            "action_flag": 1, 
            "action_time": "2013-02-20T18:34:52", 
            "change_message": "", 
            "content_type": 15, 
            "object_id": "2", 
            "object_repr": "Tarte \u00e0 la tomate", 
            "user": 1
        }, 
        "model": "admin.logentry", 
        "pk": 41
    }, 
    {
        "fields": {
            "action_flag": 1, 
            "action_time": "2013-02-20T18:33:18", 
            "change_message": "", 
            "content_type": 12, 
            "object_id": "5", 
            "object_repr": "250 Grammes Tomates", 
            "user": 1
        }, 
        "model": "admin.logentry", 
        "pk": 40
    }, 
    {
        "fields": {
            "action_flag": 1, 
            "action_time": "2013-02-20T18:33:03", 
            "change_message": "", 
            "content_type": 12, 
            "object_id": "4", 
            "object_repr": "4 Unit\u00e9s Oeufs", 
            "user": 1
        }, 
        "model": "admin.logentry", 
        "pk": 39
    }, 
    {
        "fields": {
            "action_flag": 1, 
            "action_time": "2013-02-20T18:32:44", 
            "change_message": "", 
            "content_type": 12, 
            "object_id": "3", 
            "object_repr": "1 Unit\u00e9s Pate feuillet\u00e9e", 
            "user": 1
        }, 
        "model": "admin.logentry", 
        "pk": 38
    }, 
    {
        "fields": {
            "action_flag": 1, 
            "action_time": "2013-02-20T18:32:17", 
            "change_message": "", 
            "content_type": 11, 
            "object_id": "10", 
            "object_repr": "Carottes", 
            "user": 1
        }, 
        "model": "admin.logentry", 
        "pk": 37
    }, 
    {
        "fields": {
            "action_flag": 1, 
            "action_time": "2013-02-20T18:31:58", 
            "change_message": "", 
            "content_type": 11, 
            "object_id": "9", 
            "object_repr": "Pommes", 
            "user": 1
        }, 
        "model": "admin.logentry", 
        "pk": 36
    }, 
    {
        "fields": {
            "action_flag": 1, 
            "action_time": "2013-02-20T18:31:39", 
            "change_message": "", 
            "content_type": 11, 
            "object_id": "8", 
            "object_repr": "Tomates", 
            "user": 1
        }, 
        "model": "admin.logentry", 
        "pk": 35
    }, 
    {
        "fields": {
            "action_flag": 1, 
            "action_time": "2013-02-20T18:30:46", 
            "change_message": "", 
            "content_type": 15, 
            "object_id": "1", 
            "object_repr": "Omelette du fromage", 
            "user": 1
        }, 
        "model": "admin.logentry", 
        "pk": 34
    }, 
    {
        "fields": {
            "action_flag": 1, 
            "action_time": "2013-02-20T18:29:29", 
            "change_message": "", 
            "content_type": 12, 
            "object_id": "2", 
            "object_repr": "2 Unit\u00e9s Oeufs", 
            "user": 1
        }, 
        "model": "admin.logentry", 
        "pk": 33
    }, 
    {
        "fields": {
            "action_flag": 1, 
            "action_time": "2013-02-20T18:29:18", 
            "change_message": "", 
            "content_type": 12, 
            "object_id": "1", 
            "object_repr": "120 Grammes Gruy\u00e8re rap\u00e9", 
            "user": 1
        }, 
        "model": "admin.logentry", 
        "pk": 32
    }, 
    {
        "fields": {
            "action_flag": 1, 
            "action_time": "2013-02-20T18:28:19", 
            "change_message": "", 
            "content_type": 14, 
            "object_id": "2", 
            "object_repr": "Plat", 
            "user": 1
        }, 
        "model": "admin.logentry", 
        "pk": 31
    }, 
    {
        "fields": {
            "action_flag": 1, 
            "action_time": "2013-02-20T18:28:09", 
            "change_message": "", 
            "content_type": 14, 
            "object_id": "1", 
            "object_repr": "Entr\u00e9e", 
            "user": 1
        }, 
        "model": "admin.logentry", 
        "pk": 30
    }, 
    {
        "fields": {
            "action_flag": 1, 
            "action_time": "2013-02-20T18:22:51", 
            "change_message": "", 
            "content_type": 11, 
            "object_id": "7", 
            "object_repr": "Oeufs", 
            "user": 1
        }, 
        "model": "admin.logentry", 
        "pk": 29
    }, 
    {
        "fields": {
            "action_flag": 1, 
            "action_time": "2013-02-20T18:22:35", 
            "change_message": "", 
            "content_type": 10, 
            "object_id": "7", 
            "object_repr": "Oeufs", 
            "user": 1
        }, 
        "model": "admin.logentry", 
        "pk": 28
    }, 
    {
        "fields": {
            "action_flag": 1, 
            "action_time": "2013-02-20T18:22:22", 
            "change_message": "", 
            "content_type": 11, 
            "object_id": "6", 
            "object_repr": "Pate feuillet\u00e9e", 
            "user": 1
        }, 
        "model": "admin.logentry", 
        "pk": 27
    }, 
    {
        "fields": {
            "action_flag": 1, 
            "action_time": "2013-02-20T18:22:04", 
            "change_message": "", 
            "content_type": 11, 
            "object_id": "5", 
            "object_repr": "Pate bris\u00e9e", 
            "user": 1
        }, 
        "model": "admin.logentry", 
        "pk": 26
    }, 
    {
        "fields": {
            "action_flag": 1, 
            "action_time": "2013-02-20T18:21:32", 
            "change_message": "", 
            "content_type": 11, 
            "object_id": "4", 
            "object_repr": "Pommes de terre", 
            "user": 1
        }, 
        "model": "admin.logentry", 
        "pk": 25
    }, 
    {
        "fields": {
            "action_flag": 1, 
            "action_time": "2013-02-20T18:19:02", 
            "change_message": "", 
            "content_type": 11, 
            "object_id": "3", 
            "object_repr": "Gruy\u00e8re rap\u00e9", 
            "user": 1
        }, 
        "model": "admin.logentry", 
        "pk": 24
    }, 
    {
        "fields": {
            "action_flag": 1, 
            "action_time": "2013-02-20T18:18:53", 
            "change_message": "", 
            "content_type": 10, 
            "object_id": "6", 
            "object_repr": "Produit laitier", 
            "user": 1
        }, 
        "model": "admin.logentry", 
        "pk": 23
    }, 
    {
        "fields": {
            "action_flag": 1, 
            "action_time": "2013-02-20T18:18:32", 
            "change_message": "", 
            "content_type": 11, 
            "object_id": "2", 
            "object_repr": "Spaghettis", 
            "user": 1
        }, 
        "model": "admin.logentry", 
        "pk": 22
    }, 
    {
        "fields": {
            "action_flag": 1, 
            "action_time": "2013-02-20T18:18:10", 
            "change_message": "", 
            "content_type": 11, 
            "object_id": "1", 
            "object_repr": "Steak Hach\u00e9", 
            "user": 1
        }, 
        "model": "admin.logentry", 
        "pk": 21
    }, 
    {
        "fields": {
            "action_flag": 1, 
            "action_time": "2013-02-20T18:17:20", 
            "change_message": "", 
            "content_type": 10, 
            "object_id": "5", 
            "object_repr": "F\u00e9culent", 
            "user": 1
        }, 
        "model": "admin.logentry", 
        "pk": 20
    }, 
    {
        "fields": {
            "action_flag": 1, 
            "action_time": "2013-02-20T18:17:15", 
            "change_message": "", 
            "content_type": 10, 
            "object_id": "4", 
            "object_repr": "Poisson", 
            "user": 1
        }, 
        "model": "admin.logentry", 
        "pk": 19
    }, 
    {
        "fields": {
            "action_flag": 1, 
            "action_time": "2013-02-20T18:17:08", 
            "change_message": "", 
            "content_type": 10, 
            "object_id": "3", 
            "object_repr": "L\u00e9gumes", 
            "user": 1
        }, 
        "model": "admin.logentry", 
        "pk": 18
    }, 
    {
        "fields": {
            "action_flag": 1, 
            "action_time": "2013-02-20T18:17:03", 
            "change_message": "", 
            "content_type": 10, 
            "object_id": "2", 
            "object_repr": "Fruits", 
            "user": 1
        }, 
        "model": "admin.logentry", 
        "pk": 17
    }, 
    {
        "fields": {
            "action_flag": 1, 
            "action_time": "2013-02-20T18:16:54", 
            "change_message": "", 
            "content_type": 10, 
            "object_id": "1", 
            "object_repr": "Viande", 
            "user": 1
        }, 
        "model": "admin.logentry", 
        "pk": 16
    }, 
    {
        "fields": {
            "action_flag": 1, 
            "action_time": "2013-02-20T18:16:35", 
            "change_message": "", 
            "content_type": 9, 
            "object_id": "4", 
            "object_repr": "Unit\u00e9s", 
            "user": 1
        }, 
        "model": "admin.logentry", 
        "pk": 15
    }, 
    {
        "fields": {
            "action_flag": 1, 
            "action_time": "2013-02-20T18:15:59", 
            "change_message": "", 
            "content_type": 9, 
            "object_id": "3", 
            "object_repr": "Tranches", 
            "user": 1
        }, 
        "model": "admin.logentry", 
        "pk": 14
    }, 
    {
        "fields": {
            "action_flag": 1, 
            "action_time": "2013-02-20T18:15:42", 
            "change_message": "", 
            "content_type": 9, 
            "object_id": "2", 
            "object_repr": "Litres", 
            "user": 1
        }, 
        "model": "admin.logentry", 
        "pk": 13
    }, 
    {
        "fields": {
            "action_flag": 1, 
            "action_time": "2013-02-20T18:15:37", 
            "change_message": "", 
            "content_type": 9, 
            "object_id": "1", 
            "object_repr": "Grammes", 
            "user": 1
        }, 
        "model": "admin.logentry", 
        "pk": 12
    }, 
    {
        "fields": {
            "action_flag": 2, 
            "action_time": "2013-02-20T18:14:54", 
            "change_message": "Modifi\u00e9 password, first_name, last_name, email, is_staff et is_superuser.", 
            "content_type": 3, 
            "object_id": "6", 
            "object_repr": "jeremy", 
            "user": 1
        }, 
        "model": "admin.logentry", 
        "pk": 11
    }, 
    {
        "fields": {
            "action_flag": 1, 
            "action_time": "2013-02-20T18:14:37", 
            "change_message": "", 
            "content_type": 3, 
            "object_id": "6", 
            "object_repr": "jeremy", 
            "user": 1
        }, 
        "model": "admin.logentry", 
        "pk": 10
    }, 
    {
        "fields": {
            "action_flag": 2, 
            "action_time": "2013-02-20T18:14:28", 
            "change_message": "Modifi\u00e9 password, first_name, last_name, email, is_staff et is_superuser.", 
            "content_type": 3, 
            "object_id": "5", 
            "object_repr": "jc", 
            "user": 1
        }, 
        "model": "admin.logentry", 
        "pk": 9
    }, 
    {
        "fields": {
            "action_flag": 1, 
            "action_time": "2013-02-20T18:14:08", 
            "change_message": "", 
            "content_type": 3, 
            "object_id": "5", 
            "object_repr": "jc", 
            "user": 1
        }, 
        "model": "admin.logentry", 
        "pk": 8
    }, 
    {
        "fields": {
            "action_flag": 2, 
            "action_time": "2013-02-20T18:13:54", 
            "change_message": "Modifi\u00e9 password, first_name, last_name, email, is_staff et is_superuser.", 
            "content_type": 3, 
            "object_id": "4", 
            "object_repr": "vincent", 
            "user": 1
        }, 
        "model": "admin.logentry", 
        "pk": 7
    }, 
    {
        "fields": {
            "action_flag": 1, 
            "action_time": "2013-02-20T18:13:33", 
            "change_message": "", 
            "content_type": 3, 
            "object_id": "4", 
            "object_repr": "vincent", 
            "user": 1
        }, 
        "model": "admin.logentry", 
        "pk": 6
    }, 
    {
        "fields": {
            "action_flag": 2, 
            "action_time": "2013-02-20T18:13:23", 
            "change_message": "Modifi\u00e9 password, first_name, last_name, email, is_staff et is_superuser.", 
            "content_type": 3, 
            "object_id": "3", 
            "object_repr": "alexis", 
            "user": 1
        }, 
        "model": "admin.logentry", 
        "pk": 5
    }, 
    {
        "fields": {
            "action_flag": 1, 
            "action_time": "2013-02-20T18:13:04", 
            "change_message": "", 
            "content_type": 3, 
            "object_id": "3", 
            "object_repr": "alexis", 
            "user": 1
        }, 
        "model": "admin.logentry", 
        "pk": 4
    }, 
    {
        "fields": {
            "action_flag": 2, 
            "action_time": "2013-02-20T18:12:48", 
            "change_message": "Modifi\u00e9 password, first_name, last_name, email, is_staff et is_superuser.", 
            "content_type": 3, 
            "object_id": "2", 
            "object_repr": "mag", 
            "user": 1
        }, 
        "model": "admin.logentry", 
        "pk": 3
    }, 
    {
        "fields": {
            "action_flag": 1, 
            "action_time": "2013-02-20T18:12:28", 
            "change_message": "", 
            "content_type": 3, 
            "object_id": "2", 
            "object_repr": "mag", 
            "user": 1
        }, 
        "model": "admin.logentry", 
        "pk": 2
    }, 
    {
        "fields": {
            "action_flag": 2, 
            "action_time": "2013-02-20T18:12:18", 
            "change_message": "Modifi\u00e9 password, first_name et last_name.", 
            "content_type": 3, 
            "object_id": "1", 
            "object_repr": "admin", 
            "user": 1
        }, 
        "model": "admin.logentry", 
        "pk": 1
    }, 
    {
        "fields": {
            "user": 1
        }, 
        "model": "auth.profilutilisateur", 
        "pk": 1
    }, 
    {
        "fields": {
            "user": 2
        }, 
        "model": "auth.profilutilisateur", 
        "pk": 2
    }, 
    {
        "fields": {
            "user": 3
        }, 
        "model": "auth.profilutilisateur", 
        "pk": 3
    }, 
    {
        "fields": {
            "user": 4
        }, 
        "model": "auth.profilutilisateur", 
        "pk": 4
    }, 
    {
        "fields": {
            "user": 5
        }, 
        "model": "auth.profilutilisateur", 
        "pk": 5
    }, 
    {
        "fields": {
            "user": 6
        }, 
        "model": "auth.profilutilisateur", 
        "pk": 6
    }, 
    {
        "fields": {
            "date_joined": "2013-02-20T18:11:22", 
            "email": "admin@mangezmieux.fr", 
            "first_name": "admin", 
            "groups": [], 
            "is_active": true, 
            "is_staff": true, 
            "is_superuser": true, 
            "last_login": "2013-02-20T18:12:03", 
            "last_name": "mangezmieux", 
            "password": "pbkdf2_sha256$10000$AJEK3eL7m41y$1p9ovHZS8UyHUOMS3dWQJeqjnevoEgzt/+ZirF/UQyY=", 
            "user_permissions": [], 
            "username": "admin"
        }, 
        "model": "auth.user", 
        "pk": 1
    }, 
    {
        "fields": {
            "date_joined": "2013-02-20T18:12:28", 
            "email": "maxime@mangezmieux.fr", 
            "first_name": "Maxime", 
            "groups": [], 
            "is_active": true, 
            "is_staff": true, 
            "is_superuser": true, 
            "last_login": "2013-02-20T18:12:28", 
            "last_name": "Gaston", 
            "password": "pbkdf2_sha256$10000$oTWrTghMQiMC$e9wtzxGzHCrYxvlMI/EWa/py/foG512ZODGxfH9N+Uw=", 
            "user_permissions": [], 
            "username": "mag"
        }, 
        "model": "auth.user", 
        "pk": 2
    }, 
    {
        "fields": {
            "date_joined": "2013-02-20T18:13:03", 
            "email": "alexis@mangezmieux.fr", 
            "first_name": "Alexis", 
            "groups": [], 
            "is_active": true, 
            "is_staff": true, 
            "is_superuser": true, 
            "last_login": "2013-02-20T18:13:03", 
            "last_name": "Deberg", 
            "password": "pbkdf2_sha256$10000$IBqKjFJSon6d$ZmUNF2A1kJJGnghk4IPyKfY3iEJ4II1woZlbiL4kY1U=", 
            "user_permissions": [], 
            "username": "alexis"
        }, 
        "model": "auth.user", 
        "pk": 3
    }, 
    {
        "fields": {
            "date_joined": "2013-02-20T18:13:32", 
            "email": "vincent@mangezmieux.fr", 
            "first_name": "Vincent", 
            "groups": [], 
            "is_active": true, 
            "is_staff": true, 
            "is_superuser": true, 
            "last_login": "2013-02-20T18:13:32", 
            "last_name": "Lagneau", 
            "password": "pbkdf2_sha256$10000$n5NXDA19mjSQ$Ljh1EeF8CdwasX6uJKO/Xf7rBG7qc5mcRdMc8d89xtE=", 
            "user_permissions": [], 
            "username": "vincent"
        }, 
        "model": "auth.user", 
        "pk": 4
    }, 
    {
        "fields": {
            "date_joined": "2013-02-20T18:14:08", 
            "email": "jc@mangezmieux.fr", 
            "first_name": "Jean-Christophe", 
            "groups": [], 
            "is_active": true, 
            "is_staff": true, 
            "is_superuser": true, 
            "last_login": "2013-02-26T20:58:04", 
            "last_name": "Mougamadou", 
            "password": "pbkdf2_sha256$10000$yCkIqkfIcEqD$VhFcSOqMu1X8i/zLOAezf0vM8jRYqKXDT85ptAeilnY=", 
            "user_permissions": [], 
            "username": "jc"
        }, 
        "model": "auth.user", 
        "pk": 5
    }, 
    {
        "fields": {
            "date_joined": "2013-02-20T18:14:37", 
            "email": "jeremy@mangezmieux.fr", 
            "first_name": "Jeremy", 
            "groups": [], 
            "is_active": true, 
            "is_staff": true, 
            "is_superuser": true, 
            "last_login": "2013-02-20T18:14:37", 
            "last_name": "Giordano", 
            "password": "pbkdf2_sha256$10000$HmZ7iATvGmoF$t1z/TI0gAUyEewwMxHEwvLssV+V4PPNXQBKFkT1WfOY=", 
            "user_permissions": [], 
            "username": "jeremy"
        }, 
        "model": "auth.user", 
        "pk": 6
    }, 
    {
        "fields": {
            "codename": "add_logentry", 
            "content_type": 7, 
            "name": "Can add log entry"
        }, 
        "model": "auth.permission", 
        "pk": 19
    }, 
    {
        "fields": {
            "codename": "change_logentry", 
            "content_type": 7, 
            "name": "Can change log entry"
        }, 
        "model": "auth.permission", 
        "pk": 20
    }, 
    {
        "fields": {
            "codename": "delete_logentry", 
            "content_type": 7, 
            "name": "Can delete log entry"
        }, 
        "model": "auth.permission", 
        "pk": 21
    }, 
    {
        "fields": {
            "codename": "add_group", 
            "content_type": 2, 
            "name": "Can add group"
        }, 
        "model": "auth.permission", 
        "pk": 4
    }, 
    {
        "fields": {
            "codename": "change_group", 
            "content_type": 2, 
            "name": "Can change group"
        }, 
        "model": "auth.permission", 
        "pk": 5
    }, 
    {
        "fields": {
            "codename": "delete_group", 
            "content_type": 2, 
            "name": "Can delete group"
        }, 
        "model": "auth.permission", 
        "pk": 6
    }, 
    {
        "fields": {
            "codename": "add_permission", 
            "content_type": 1, 
            "name": "Can add permission"
        }, 
        "model": "auth.permission", 
        "pk": 1
    }, 
    {
        "fields": {
            "codename": "change_permission", 
            "content_type": 1, 
            "name": "Can change permission"
        }, 
        "model": "auth.permission", 
        "pk": 2
    }, 
    {
        "fields": {
            "codename": "delete_permission", 
            "content_type": 1, 
            "name": "Can delete permission"
        }, 
        "model": "auth.permission", 
        "pk": 3
    }, 
    {
        "fields": {
            "codename": "add_profilutilisateur", 
            "content_type": 4, 
            "name": "Can add profil utilisateur"
        }, 
        "model": "auth.permission", 
        "pk": 10
    }, 
    {
        "fields": {
            "codename": "change_profilutilisateur", 
            "content_type": 4, 
            "name": "Can change profil utilisateur"
        }, 
        "model": "auth.permission", 
        "pk": 11
    }, 
    {
        "fields": {
            "codename": "delete_profilutilisateur", 
            "content_type": 4, 
            "name": "Can delete profil utilisateur"
        }, 
        "model": "auth.permission", 
        "pk": 12
    }, 
    {
        "fields": {
            "codename": "add_user", 
            "content_type": 3, 
            "name": "Can add user"
        }, 
        "model": "auth.permission", 
        "pk": 7
    }, 
    {
        "fields": {
            "codename": "change_user", 
            "content_type": 3, 
            "name": "Can change user"
        }, 
        "model": "auth.permission", 
        "pk": 8
    }, 
    {
        "fields": {
            "codename": "delete_user", 
            "content_type": 3, 
            "name": "Can delete user"
        }, 
        "model": "auth.permission", 
        "pk": 9
    }, 
    {
        "fields": {
            "codename": "add_token", 
            "content_type": 8, 
            "name": "Can add token"
        }, 
        "model": "auth.permission", 
        "pk": 22
    }, 
    {
        "fields": {
            "codename": "change_token", 
            "content_type": 8, 
            "name": "Can change token"
        }, 
        "model": "auth.permission", 
        "pk": 23
    }, 
    {
        "fields": {
            "codename": "delete_token", 
            "content_type": 8, 
            "name": "Can delete token"
        }, 
        "model": "auth.permission", 
        "pk": 24
    }, 
    {
        "fields": {
            "codename": "add_contenttype", 
            "content_type": 5, 
            "name": "Can add content type"
        }, 
        "model": "auth.permission", 
        "pk": 13
    }, 
    {
        "fields": {
            "codename": "change_contenttype", 
            "content_type": 5, 
            "name": "Can change content type"
        }, 
        "model": "auth.permission", 
        "pk": 14
    }, 
    {
        "fields": {
            "codename": "delete_contenttype", 
            "content_type": 5, 
            "name": "Can delete content type"
        }, 
        "model": "auth.permission", 
        "pk": 15
    }, 
    {
        "fields": {
            "codename": "add_categorie", 
            "content_type": 14, 
            "name": "Can add categorie"
        }, 
        "model": "auth.permission", 
        "pk": 40
    }, 
    {
        "fields": {
            "codename": "change_categorie", 
            "content_type": 14, 
            "name": "Can change categorie"
        }, 
        "model": "auth.permission", 
        "pk": 41
    }, 
    {
        "fields": {
            "codename": "delete_categorie", 
            "content_type": 14, 
            "name": "Can delete categorie"
        }, 
        "model": "auth.permission", 
        "pk": 42
    }, 
    {
        "fields": {
            "codename": "add_commande", 
            "content_type": 17, 
            "name": "Can add commande"
        }, 
        "model": "auth.permission", 
        "pk": 49
    }, 
    {
        "fields": {
            "codename": "change_commande", 
            "content_type": 17, 
            "name": "Can change commande"
        }, 
        "model": "auth.permission", 
        "pk": 50
    }, 
    {
        "fields": {
            "codename": "delete_commande", 
            "content_type": 17, 
            "name": "Can delete commande"
        }, 
        "model": "auth.permission", 
        "pk": 51
    }, 
    {
        "fields": {
            "codename": "add_lignecommande", 
            "content_type": 18, 
            "name": "Can add ligne commande"
        }, 
        "model": "auth.permission", 
        "pk": 52
    }, 
    {
        "fields": {
            "codename": "change_lignecommande", 
            "content_type": 18, 
            "name": "Can change ligne commande"
        }, 
        "model": "auth.permission", 
        "pk": 53
    }, 
    {
        "fields": {
            "codename": "delete_lignecommande", 
            "content_type": 18, 
            "name": "Can delete ligne commande"
        }, 
        "model": "auth.permission", 
        "pk": 54
    }, 
    {
        "fields": {
            "codename": "add_ligneproduit", 
            "content_type": 13, 
            "name": "Can add ligne produit"
        }, 
        "model": "auth.permission", 
        "pk": 37
    }, 
    {
        "fields": {
            "codename": "change_ligneproduit", 
            "content_type": 13, 
            "name": "Can change ligne produit"
        }, 
        "model": "auth.permission", 
        "pk": 38
    }, 
    {
        "fields": {
            "codename": "delete_ligneproduit", 
            "content_type": 13, 
            "name": "Can delete ligne produit"
        }, 
        "model": "auth.permission", 
        "pk": 39
    }, 
    {
        "fields": {
            "codename": "add_lignerecette", 
            "content_type": 12, 
            "name": "Can add ligne recette"
        }, 
        "model": "auth.permission", 
        "pk": 34
    }, 
    {
        "fields": {
            "codename": "change_lignerecette", 
            "content_type": 12, 
            "name": "Can change ligne recette"
        }, 
        "model": "auth.permission", 
        "pk": 35
    }, 
    {
        "fields": {
            "codename": "delete_lignerecette", 
            "content_type": 12, 
            "name": "Can delete ligne recette"
        }, 
        "model": "auth.permission", 
        "pk": 36
    }, 
    {
        "fields": {
            "codename": "add_produit", 
            "content_type": 11, 
            "name": "Can add produit"
        }, 
        "model": "auth.permission", 
        "pk": 31
    }, 
    {
        "fields": {
            "codename": "change_produit", 
            "content_type": 11, 
            "name": "Can change produit"
        }, 
        "model": "auth.permission", 
        "pk": 32
    }, 
    {
        "fields": {
            "codename": "delete_produit", 
            "content_type": 11, 
            "name": "Can delete produit"
        }, 
        "model": "auth.permission", 
        "pk": 33
    }, 
    {
        "fields": {
            "codename": "add_recette", 
            "content_type": 15, 
            "name": "Can add recette"
        }, 
        "model": "auth.permission", 
        "pk": 43
    }, 
    {
        "fields": {
            "codename": "change_recette", 
            "content_type": 15, 
            "name": "Can change recette"
        }, 
        "model": "auth.permission", 
        "pk": 44
    }, 
    {
        "fields": {
            "codename": "delete_recette", 
            "content_type": 15, 
            "name": "Can delete recette"
        }, 
        "model": "auth.permission", 
        "pk": 45
    }, 
    {
        "fields": {
            "codename": "add_repas", 
            "content_type": 16, 
            "name": "Can add repas"
        }, 
        "model": "auth.permission", 
        "pk": 46
    }, 
    {
        "fields": {
            "codename": "change_repas", 
            "content_type": 16, 
            "name": "Can change repas"
        }, 
        "model": "auth.permission", 
        "pk": 47
    }, 
    {
        "fields": {
            "codename": "delete_repas", 
            "content_type": 16, 
            "name": "Can delete repas"
        }, 
        "model": "auth.permission", 
        "pk": 48
    }, 
    {
        "fields": {
            "codename": "add_typeproduit", 
            "content_type": 10, 
            "name": "Can add type produit"
        }, 
        "model": "auth.permission", 
        "pk": 28
    }, 
    {
        "fields": {
            "codename": "change_typeproduit", 
            "content_type": 10, 
            "name": "Can change type produit"
        }, 
        "model": "auth.permission", 
        "pk": 29
    }, 
    {
        "fields": {
            "codename": "delete_typeproduit", 
            "content_type": 10, 
            "name": "Can delete type produit"
        }, 
        "model": "auth.permission", 
        "pk": 30
    }, 
    {
        "fields": {
            "codename": "add_unite", 
            "content_type": 9, 
            "name": "Can add unite"
        }, 
        "model": "auth.permission", 
        "pk": 25
    }, 
    {
        "fields": {
            "codename": "change_unite", 
            "content_type": 9, 
            "name": "Can change unite"
        }, 
        "model": "auth.permission", 
        "pk": 26
    }, 
    {
        "fields": {
            "codename": "delete_unite", 
            "content_type": 9, 
            "name": "Can delete unite"
        }, 
        "model": "auth.permission", 
        "pk": 27
    }, 
    {
        "fields": {
            "codename": "add_session", 
            "content_type": 6, 
            "name": "Can add session"
        }, 
        "model": "auth.permission", 
        "pk": 16
    }, 
    {
        "fields": {
            "codename": "change_session", 
            "content_type": 6, 
            "name": "Can change session"
        }, 
        "model": "auth.permission", 
        "pk": 17
    }, 
    {
        "fields": {
            "codename": "delete_session", 
            "content_type": 6, 
            "name": "Can delete session"
        }, 
        "model": "auth.permission", 
        "pk": 18
    }
]
